/* ROLES------------------------------------------------------------------------------- */
INSERT INTO `role` (id,nombre) VALUES (1,'ROLE_CLIENT');
INSERT INTO `role` (id,nombre) VALUES (2,'ROLE_ADMIN');
INSERT INTO `role` (id,nombre) VALUES (3,'ROLE_REPORTER'); 
INSERT INTO `role` (id,nombre) VALUES (4,'ROLE_COMPANY');

 
/*COMPANIES-----------------------------------------------------------------------------*/
INSERT INTO `company` (id,name,surnames,username,password,enabled,phone,email,business_name,image,category,about_id,create_date) VALUES (985,'alicia','hinojo garcía','danhingar5','$2a$10$bLWWf4R6N61Q3XX9iF88t..pUG0PzUza4XZy2jdzFPOvejNk8e9rK',1,'672389123','danielhingar3397@gmail.com','Feuvert','','Automoviles',5,'2019-11-23');
INSERT INTO `company` (id,name,surnames,username,password,enabled,phone,email,business_name,image,category,about_id,create_date) VALUES (986,'cristina','hinojo garcía','danhingar6','$2a$10$bLWWf4R6N61Q3XX9iF88t..pUG0PzUza4XZy2jdzFPOvejNk8e9rK',1,'672389123','danielhingar3397@gmail.com','MediaMarkt','https://images.unsplash.com/photo-1556741533-411cf82e4e2d?ixlib=rb-1.2.1&ixid=eyJhcHBfaWQiOjEyMDd9&auto=format&fit=crop&w=750&q=80','Telefonía',6,'2020-04-11');
INSERT INTO `company` (id,name,surnames,username,password,enabled,phone,email,business_name,image,category,about_id,create_date) VALUES (987,'carmen','hinojo garcía','danhingar7','$2a$10$7nlxuDw39HBwdu0AQz0I/.qTOjI702AnqmZqzudGcMylrjBAn3qli',1,'672389123','danielhingar3397@gmail.com','Pull&Bear','https://images.unsplash.com/photo-1512436991641-6745cdb1723f?ixlib=rb-1.2.1&auto=format&fit=crop&w=750&q=80','Moda',7,'2020-04-10');
INSERT INTO `company` (id,name,surnames,username,password,enabled,phone,email,business_name,image,category,about_id,create_date) VALUES (988,'lucia','hinojo garcía','danhingar8','$2a$10$bLWWf4R6N61Q3XX9iF88t..pUG0PzUza4XZy2jdzFPOvejNk8e9rK',1,'672389123','danielhingar3397@gmail.com','Douglas','https://images.unsplash.com/photo-1543857261-f71238eb4188?ixlib=rb-1.2.1&ixid=eyJhcHBfaWQiOjEyMDd9&auto=format&fit=crop&w=753&q=80','Perfumería',8,'2019-11-23');


INSERT INTO `company` (id,name,surnames,username,password,enabled,phone,email,business_name,image,category,about_id,create_date) VALUES (990,'juana','hinojo garcía','danhingar3','$2a$10$bLWWf4R6N61Q3XX9iF88t..pUG0PzUza4XZy2jdzFPOvejNk8e9rK',1,'672389123','danielhingar3397@gmail.com','Jazztel','https://images.unsplash.com/photo-1513611771808-7e8ab7f1dec6?ixlib=rb-1.2.1&ixid=eyJhcHBfaWQiOjEyMDd9&auto=format&fit=crop&w=500&q=60','Telefonía',3,'2020-04-12');
INSERT INTO `company` (id,name,surnames,username,password,enabled,phone,email,business_name,image,category,about_id,create_date) VALUES (991,'daniel','hinojo garcía','danhingar','$2a$10$7nlxuDw39HBwdu0AQz0I/.qTOjI702AnqmZqzudGcMylrjBAn3qli',1,'672389123','danielhingar3397@gmail.com','Zara','https://images.unsplash.com/photo-1525562723836-dca67a71d5f1?ixlib=rb-1.2.1&ixid=eyJhcHBfaWQiOjEyMDd9&auto=format&fit=crop&w=667&q=80','Moda',1,'2020-04-14');
INSERT INTO `company` (id,name,surnames,username,password,enabled,phone,email,business_name,image,category,about_id,create_date) VALUES (992,'ramon','hinojo garcía','danhingar2','$2a$10$bLWWf4R6N61Q3XX9iF88t..pUG0PzUza4XZy2jdzFPOvejNk8e9rK',1,'672389123','danielhingar3397@gmail.com','Autodoc','https://images.unsplash.com/photo-1569858574460-2fae7746115c?ixlib=rb-1.2.1&ixid=eyJhcHBfaWQiOjEyMDd9&auto=format&fit=crop&w=500&q=60','Automoviles',2,'2020-04-13');



/*ABOUTS--------------------------------------------------------------------------------*/
INSERT INTO `about`  (id,address,instagram,facebook,twitter,youtube,description,compromise,polity) VALUES (1,'Calle Perú,9','https://www.instagram.com/','https://facebook.com','http://www.twitter.com','https://www.youtube.com','Esta empresa comenzó en 1990, somos una empresa textil cuyo objetivo principal es llevar las tendencias en moda a nuestros clientes y que nuestros productos sean de la mejor calidad','Estamos comprometidos con el medio ambiente y por ello no usamos plásticos en nuestros envíos a domicilio ya que es sustituido por cajas de cartón.','Nuestra política de empresa apuesta por la igualdad y respeto a todas las personas sin importar de su país de origen, creencias religiosas, etc...');
INSERT INTO `about`  (id,address,instagram,facebook,twitter,youtube,description,compromise,polity) VALUES (2,'Calle Cuba,12','https://www.instagram.com/','https://facebook.com','http://www.twitter.com','https://www.youtube.com','Esta empresa comenzó en 1993, somos una empresa de reparación de automóviles cuyo objetivo principal es la satisfacción de nuestros clientes','Estamos comprometidos con el medio ambiente y por ello somos un punto de reciclaje de aceite de coche','Nuestra política de empresa apuesta por la igualdad y respeto a todas las personas sin importar de su país de origen, creencias religiosas, etc...');
INSERT INTO `about`  (id,address,instagram,facebook,twitter,youtube,description,compromise,polity) VALUES (3,'Calle Tetúan,5','https://www.instagram.com/','https://facebook.com','http://www.twitter.com','https://www.youtube.com','Jazztel es una de las marcas de referencia de Orange en España en servicios de telecomunicaciones fijas, móviles y convergentes.',null,'Nuestra política de empresa apuesta por la igualdad y respeto a todas las personas sin importar de su país de origen, creencias religiosas, etc...');
INSERT INTO `about`  (id,address,instagram,facebook,twitter,youtube,description,compromise,polity) VALUES (5,'Avenida de España,4','https://www.instagram.com/','https://facebook.com','http://www.twitter.com','https://www.youtube.com','Esta empresa es una multinacional muy reconocida internacionalmente, nos dedicamos a todo tipo de reparaciones, recambios...','Garantizar el cumplimiento de los requisitos legales y reglamentarios aplicables en materia medioambiental y de energía y de todos aquellos otros que la organización suscriba','Nuestra política de empresa apuesta por la igualdad y respeto a todas las personas sin importar de su país de origen, creencias religiosas, etc...');
INSERT INTO `about`  (id,address,instagram,facebook,twitter,youtube,description,compromise,polity) VALUES (6,'Avenida Reyes Católicos,22','https://www.instagram.com/','https://facebook.com','http://www.twitter.com','https://www.youtube.com','Mediamarkt nació en Alemania en 1979 como resultado de una gran apuesta de sus fundadores por un nuevo modelo de negocio: Grandes superficies, gran surtido de productos y precio muy competitivo','En MediaMarkt somos conscientes de que cada paso que damos tiene que ir de la mano de un compromiso serio y responsable con todos los actores de la sociedad','Nuestra política de empresa apuesta por la igualdad y respeto a todas las personas sin importar de su país de origen, creencias religiosas, etc...');
INSERT INTO `about`  (id,address,instagram,facebook,twitter,youtube,description,compromise,polity) VALUES (7,'Calle Goya,11','https://www.instagram.com/danielhingar/','https://facebook.com','http://www.twitter.com','https://www.youtube.com','Pull&Bear arranca en el año 1991 con clara vocación internacional y con la intención de vestir a jóvenes comprometidos con su entorno, que viven en comunidad y se relacionan entre sí.','Estamos comprometidos con el medio ambiente y por ello no usamos plásticos en nuestros envíos a domicilio ya que es sustituido por cajas de cartón.','Nuestra política de empresa apuesta por la igualdad y respeto a todas las personas sin importar de su país de origen, creencias religiosas, etc...');
INSERT INTO `about`  (id,address,instagram,facebook,twitter,youtube,description,compromise,polity) VALUES (8,'Calle Príncipe de Vergara,2','https://www.instagram.com/','https://facebook.com','http://www.twitter.com','https://www.youtube.com','Douglas is one of the leading retailers in the European beauty industry and has set its goal to further expand its position as the no. ','Estamos comprometidos con el medio ambiente y por ello no usamos plásticos en nuestros envíos a domicilio ya que es sustituido por cajas de cartón.','Nuestra política de empresa apuesta por la igualdad y respeto a todas las personas sin importar de su país de origen, creencias religiosas, etc...');

/*ADMINS--------------------------------------------------------------------------------*/
INSERT INTO `admin` (id,name,surnames,username,password,enabled,phone,email) VALUES (993,'Antonio','Pérez','admin','$2a$10$6XWAGJZ1dQ85TUIfEpUJ6u2nyNSltYAWuktcZYh6gGw71tEZLVpEO',1,'674839213', 'admin@gmail.com');
 
/*BASKET---------------------------------------------------------------------------------*/

INSERT INTO `basket` (id) VALUES (1);
INSERT INTO `basket` (id) VALUES (2);
INSERT INTO `basket` (id) VALUES (3);
INSERT INTO `basket` (id) VALUES (4);

/*CLIENT--------------------------------------------------------------------------------*/
INSERT INTO `client` (id,name,surnames,username,password,enabled,phone,email,basket_id,address,number,code_postal,province,locality) VALUES (994,'Ramón','Pérez','rampez','$2a$10$innlJ999oNhZGPVfFh2tMexaVkx/xfkPON17x9FPuhWQrzvckoQcO',1,'674839213', 'rampez@gmail.com',1,'Calle traiña','20','43892','Cádiz','Rota');
INSERT INTO `client` (id,name,surnames,username,password,enabled,phone,email,basket_id,address,number,code_postal,province,locality) VALUES (995,'Pablo','Cabeza','pabcab','$2a$10$HvR2hVz1ScjkpZS8ZlUEf.0BgNSq/Ir0hkmeYuJz7bqZK6xNSQOXu',1,'67483973', 'pabcab@gmail.com',2,'Calle Lope de Vega','5','45000','Madrid','Madrid');
INSERT INTO `client` (id,name,surnames,username,password,enabled,phone,email,basket_id,address,number,code_postal,province,locality) VALUES (996,'Marta','García','margar','$2a$10$1K5FCAUDCniomaZkSRLmm.Yl2B06UEpBMMr73C6hMofeqO9Iai66m',1,'674839908', 'margar@gmail.com',3,'Calle Lima','20','43892','Sevilla','Dos Hermanas');
INSERT INTO `client` (id,name,surnames,username,password,enabled,phone,email,basket_id,address,number,code_postal,province,locality) VALUES (997,'Clara','Hinojo','clahin','$2a$10$jR6DPrQLyrpQcocQwEIzIuEyGWTvsSddl83Ij3Na5o0expqh4pw5.',1,'674839672', 'clahin@gmail.com',4,'Calle Cervantes','20','43892','Granada','Granada');

/*REPORTER------------------------------------------------------------------------------*/
INSERT INTO `reporter` (id,name,surnames,username,password,enabled,phone,email) VALUES (998,'Luis','García','lusgar','$2a$10$GQRY7aLGz5AEmSG1rUm7COXcd7r7OgFJSacOawSAX.kpjREtqzmjS',1,'674839213', 'lusgar@gmail.com');

/*SHIPPING------------------------------------------------------------------------------*/

INSERT INTO `shipping` (id,date_max,date_min,title,observation,price) VALUES (1,5,2,'Envío Express',null,10.0);
INSERT INTO `shipping` (id,date_max,date_min,title,observation,price) VALUES (2,7,4,'Envío Normal',null,5.0);
INSERT INTO `shipping` (id,date_max,date_min,title,observation,price) VALUES (3,14,7,'Envío Gratis',null,0.0);

/*CONFIGURATIONS-------------------------------------------------------------------------*/

INSERT INTO `configuration` (id,phone,email,facebook,instagram,twitter,address,fail_system,name_system,banner) VALUES (1,'673456721','showcase@gmail.com','https://es-es.facebook.com/','https://www.instagram.com/?hl=es','https://twitter.com/login?lang=es','Sevilla, Spain',false,'Showcase',null);

/*CLAIMS---------------------------------------------------------------------------------*/


/*PRODUCTS-------------------------------------------------------------------------------*/  

INSERT INTO `product` (id,company_id,name,description,photo,price,create_date,category,size,height,width,weight,inch,capacity,memory,brand,offert,status,stock) VALUES (1,991,'MOCASIN','Mocasín negro. Detalle de antifaz en el empeine. Suela goma negra maxi volumen.','https://static.zara.net/photos///2020/V/1/2/p/5637/002/040/2/w/325/5637002040_1_1_1.jpg?ts=1578654981046',40.70,'2019-12-23','MODA','37,38,39,40,41',null,null,'550 gramos',null,null,null,'ZARA',null,'DISPONIBLE',10);

INSERT INTO `product` (id,company_id,name,description,photo,price,create_date,category,size,height,width,weight,inch,capacity,memory,brand,offert,status,stock) VALUES (4,987,'CHAQUETA ACOLCHADA','Chaqueta de lana nueva temporada invierno','https://static.zara.net/photos///2020/V/0/2/p/0706/422/401/2/w/810/0706422401_6_1_1.jpg?ts=1578570195853',69.7,'2020-01-15','MODA','S,M,L,XL',null,null,'550 gramos',null,null,null,'SPRINGFIELD',20,'DISPONIBLE',10);
INSERT INTO `product` (id,company_id,name,description,photo,price,create_date,category,size,height,width,weight,inch,capacity,memory,brand,offert,status,stock) VALUES (5,991,'CAMISETA MANGA CORTA','Camiseta de algodón de manga corta con logo de mickey mouse, cuello redondo.','https://encrypted-tbn0.gstatic.com/images?q=tbn%3AANd9GcSy205PGKk7wd8ggwipeqMSfqf6bsbxktDiumWyMcDGy94mqANZ&usqp=CAU',30.25,'2020-03-25','MODA','S,M',null,null,null,null,null,null,'PULL&BEARD',null,'DISPONIBLE',1);
INSERT INTO `product` (id,company_id,name,description,photo,price,create_date,category,size,height,width,weight,inch,capacity,memory,brand,offert,status,stock) VALUES (6,986,'IPHONE 11','IPHONE 11 móvil de última genereción, 6.1" Liquid Retina HD, Chip A13 Bionic, iOS','https://encrypted-tbn0.gstatic.com/images?q=tbn%3AANd9GcSa6LTNneMtxKkRbn6ua6fWVMjuUJrVs_tm05KpYRbQfskZdZ88&usqp=CAU',1000.50,'2019-12-28','TELEFONÍA',null,'18 cm','7 cm','750 gramos','6.1',null,'32GB,64GB,128GB','IPHONE',null,'DISPONIBLE',1);
INSERT INTO `product` (id,company_id,name,description,photo,price,create_date,category,size,height,width,weight,inch,capacity,memory,brand,offert,status,stock) VALUES (7,986,'PORTATIL HP','Portatil HP con procesador de última generación i9, 16GB de RAM, 15.6" Full HD.',null,601.70,'2020-02-10','INFORMÁTICA Y ELECTRÓNICA',null,'20 cm','40 cm','550 gramos','15.6',null,'250GB,500GB,1TB','HP',null,'SINSTOCK',0);
INSERT INTO `product` (id,company_id,name,description,photo,price,create_date,category,size,height,width,weight,inch,capacity,memory,brand,offert,status,stock) VALUES (8,992,'Parasoles para ventanillas de coche','Parasoles color negro','https://cdn.autodoc.de/uploads/360_photos/13636381/preview.jpg',30.21,'2020-04-04','MOTOR',null,'40cm','42cm',null,null,null,null,'Autodoc',null,'DISPONIBLE',30);
INSERT INTO `product` (id,company_id,name,description,photo,price,create_date,category,size,height,width,weight,inch,capacity,memory,brand,offert,status,stock) VALUES (9,992,'ZAPATOS GUCCI','Zapatillas Gucci con logo tigre',null,100.70,'2019-10-23','MODA','37,38,39,40,41',null,null,'550 gramos',null,null,null,'GUCCI',null,'ELIMINADO',0);
INSERT INTO `product` (id,company_id,name,description,photo,price,create_date,category,size,height,width,weight,inch,capacity,memory,brand,offert,status,stock) VALUES (10,991,'CADENA MALLA','Cadena hecha en estructura tubular de malla metálica. Cierre con mosquetón.','https://static.zara.net/photos///2020/V/0/2/p/8435/348/808/2/w/259/8435348808_1_1_1.jpg?ts=1577980960271',100.70,'2018-11-23','JOYERÍA','37,38,39,40,41',null,null,'550 gramos',null,null,null,'ADIDAS',null,'DISPONIBLE',2);
INSERT INTO `product` (id,company_id,name,description,photo,price,create_date,category,size,height,width,weight,inch,capacity,memory,brand,offert,status,stock) VALUES (11,991,'CAMISETA NIKE','Camiseta nike de manga corta ultima temporada','https://mosaic04.ztat.net/vgs/media/packshot/catalog-sm/NI/12/2O/0I/UA/11/NI122O0IU-A11@2.jpg',100.70,'2019-02-15','MODA','37,38,39,40,41',null,null,'550 gramos',null,null,null,'ADIDAS',null,'DISPONIBLE',2);
INSERT INTO `product` (id,company_id,name,description,photo,price,create_date,category,size,height,width,weight,inch,capacity,memory,brand,offert,status,stock) VALUES (12,991,'CHAQUETA DE CUERO','Chaqueta de lana, nueva temporada invierno','https://static.zara.net/photos///2020/V/0/2/p/3548/403/800/2/w/810/3548403800_6_1_1.jpg?ts=1579262894330',69.7,'2017-06-20','MODA','S,M,L,XL',null,null,'550 gramos',null,null,null,'SPRINGFIELD',20,'DISPONIBLE',2);
INSERT INTO `product` (id,company_id,name,description,photo,price,create_date,category,size,height,width,weight,inch,capacity,memory,brand,offert,status,stock) VALUES (14,991,'CHAQUETA CANGURO','Chaqueta de cuello subido con capucha ajustable con cordones y manga larga acabada en rib. Bolsillo frontal con solapa tipo canguro. Bajo ajustable con cordón elástico','https://static.zara.net/photos///2020/V/0/1/p/5039/184/612/2/w/810/5039184612_6_1_1.jpg?ts=1586249058930',29.95,'2020-06-08','MODA','XS,S,M,L',null,null,null,null,null,null,'ZARA',45,'DISPONIBLE',15);
INSERT INTO `product` (id,company_id,name,description,photo,price,create_date,category,size,height,width,weight,inch,capacity,memory,brand,offert,status,stock) VALUES (15,991,'CHAQUETA CANGURO SATINADA','Chaqueta con capucha ajustable con cordón y manga larga acabada en elásticos. Bolsillo frontal con solapa tipo canguro. Bajo ajustable con cordón. Cierre delantero tipo polo con cremallera','https://static.zara.net/photos///2020/V/0/1/p/5039/127/800/2/w/810/5039127800_6_1_1.jpg?ts=1579854146932',39.95,'2020-06-08','MODA','XS,S,M,L',null,null,null,null,null,null,'ZARA',45,'DISPONIBLE',15);
INSERT INTO `product` (id,company_id,name,description,photo,price,create_date,category,size,height,width,weight,inch,capacity,memory,brand,offert,status,stock) VALUES (16,991,'PERFUME HOMBRE','Eau de parfum amaderada. La pirámide olfativa incluye notas de bergamota, incienso y oud. Es una fragancia cálida, elegante y duradera','https://static.zara.net/photos///2020/V/2/2/p/0220/015/999/2/w/810/0220015999_1_1_1.jpg?ts=1588246995716',69.95,'2020-06-08','PERFUMERÍA Y PARAFARMACIA','XS,S,M,L',null,null,null,null,null,null,'ZARA',null,'DISPONIBLE',10);
INSERT INTO `product` (id,company_id,name,description,photo,price,create_date,category,size,height,width,weight,inch,capacity,memory,brand,offert,status,stock) VALUES (17,992,'Aceite de motor','Aceite motor parcialmente sintético','https://cdn.autodoc.de/uploads/360_photos/13637078/preview.jpg',7.21,'2020-04-24','MOTOR',null,null,null,null,null,'1L',null,'Autodoc',null,'DISPONIBLE',5);
INSERT INTO `product` (id,company_id,name,description,photo,price,create_date,category,size,height,width,weight,inch,capacity,memory,brand,offert,status,stock) VALUES (18,992,'Neumático Continental WinterContact TS 800 125/80 R13 65Q','Neumáticos de excelente calidad, apropiados para invierno','https://cdn.autodoc.de/uploads/tyres/full/PKW/4019238546637_0353256.jpg?ccf=94077793',50.21,'2020-04-24','MOTOR',null,null,null,null,'20',null,null,'Autodoc',null,'DISPONIBLE',5);
INSERT INTO `product` (id,company_id,name,description,photo,price,create_date,category,size,height,width,weight,inch,capacity,memory,brand,offert,status,stock) VALUES (19,992,'TRW Disco de freno','Disco de frenos, eje delantero','https://cdn.autodoc.de/thumb?id=2188852&m=1&n=0&lng=es&ccf=94077793',14.21,'2020-04-24','MOTOR',null,null,null,null,null,null,null,'Autodoc',null,'DISPONIBLE',5);
INSERT INTO `product` (id,company_id,name,description,photo,price,create_date,category,size,height,width,weight,inch,capacity,memory,brand,offert,status,stock) VALUES (13,990,'iPHONE 11','IPHONE 11 móvil de última genereción, 6.1" Liquid Retina HD, Chip A13 Bionic, iOS','https://catalogo.jazztel.com/catalogo/Imagenes/Dispositivos/iphone_11_negro_3002503_Front.png',1000.50,'2017-03-03','TELEFONÍA',null,'18 cm','7 cm','750 gramos','6.1',null,'32GB,64GB,128GB','IPHONE',null,'DISPONIBLE',1);
INSERT INTO `product` (id,company_id,name,description,photo,price,create_date,category,size,height,width,weight,inch,capacity,memory,brand,offert,status,stock) VALUES (20,990,'Samsung Galaxy A50','Samsung ha querido implementar, en el modelo A51, el sistema de lector de huellas en la propia pantalla, en este caso, una Super AMOLED de 6.5 pulgadas. Pero lo que llama la atención, es el módulo de cámaras traseras conformado por cuatro lentes','https://catalogo.jazztel.com/catalogo/Imagenes/Dispositivos/samsung_galaxy_a51_negro_3002583_Front.png',261.50,'2019-03-03','TELEFONÍA',null,'18 cm','7 cm','750 gramos','6.1',null,'32GB,64GB,128GB','SAMSUNG',null,'DISPONIBLE',10);
INSERT INTO `product` (id,company_id,name,description,photo,price,create_date,category,size,height,width,weight,inch,capacity,memory,brand,offert,status,stock) VALUES (21,990,'Xiaomi mi note 10','Xiaomi Mi Note 10 ofrece un diseño resistente recubierto en cristal Corning Gorilla Glass, tanto delante como detrás, junto a una pantalla curva 3D de 6.47".En su interior reposa un potente procesador Qualcomm Snapdragon 730G','https://catalogo.jazztel.com/catalogo/Imagenes/Dispositivos/xiaomi_mi_note_10_verde_3002586_Front.png',397.50,'2019-03-03','TELEFONÍA',null,'20 cm','7 cm','600 gramos','6.5',null,'32GB,64GB,128GB','XIAOMI',null,'DISPONIBLE',15);
INSERT INTO `product` (id,company_id,name,description,photo,price,create_date,category,size,height,width,weight,inch,capacity,memory,brand,offert,status,stock) VALUES (22,990,'TCL smart TV Android','El Smart TV TCL EP644 de 50", cuenta con una calidad de imagen Ultra HD y el sistema AndroidTV 9.0 con el que podrás disfrutar de todas las apps de Google Play Store en pantalla grande.','https://catalogo.jazztel.com/catalogo/Imagenes/Dispositivos/tcl_50_ep644_gris_Side.png',309.50,'2019-03-03','INFORMÁTICA Y ELECTRÓNICA',null,null,null,null,'50',null,null,'TCL',null,'DISPONIBLE',10);
INSERT INTO `product` (id,company_id,name,description,photo,price,create_date,category,size,height,width,weight,inch,capacity,memory,brand,offert,status,stock) VALUES (2,987,'Mocasín negro tachas','Zapato plano de antik negro estilo mocasín con detalle de tachas. Altura del tacón: 2.5 cm. Altura del piso: 1 cm','https://static.pullandbear.net/2/photos//2020/V/1/1/p/1405/540/040/1405540040_2_4_8.jpg?t=1576057469068&imwidth=563',29.99,'2020-05-23','MODA','37,38,39,40,41',null,null,null,null,null,null,'PULL&BEAR',null,'DISPONIBLE',3);
INSERT INTO `product` (id,company_id,name,description,photo,price,create_date,category,size,height,width,weight,inch,capacity,memory,brand,offert,status,stock) VALUES (23,987,'Bandolera redonda negra','Bolso de yute formato bandolera de color negro con detalle de asas largas y cortas. Alto x Ancho x Fondo 30 x 30 x 19 cm.','https://static.pullandbear.net/2/photos//2020/V/1/1/p/4128/540/040/4128540040_2_1_8.jpg?t=1583403491758&imwidth=563',17.99,'2020-05-24','MODA',null,null,null,null,null,null,null,'PULL&BEAR',null,'DISPONIBLE',3);
INSERT INTO `product` (id,company_id,name,description,photo,price,create_date,category,size,height,width,weight,inch,capacity,memory,brand,offert,status,stock) VALUES (24,987,'Jeans superskinny rotos rodillas','Jeans superskinny con detalle de rotos en las rodillas, diseño de cinco bolsillos, cintura con trabillas y cierre de botón y cremallera.','https://static.pullandbear.net/2/photos//2020/V/0/2/p/5684/537/427/5684537427_2_6_8.jpg?t=1581347573028&imwidth=563',29.99,'2020-06-02','MODA',null,null,null,null,null,null,null,'PULL&BEAR',null,'DISPONIBLE',3);
INSERT INTO `product` (id,company_id,name,description,photo,price,create_date,category,size,height,width,weight,inch,capacity,memory,brand,offert,status,stock) VALUES (25,987,'Perfume Hombre','Eau de toilette Pull&Bear Day Edition. Fragancia frutal con toques de canela, sándalo y bergamota.','https://static.pullandbear.net/2/photos/2020/I/0/2/p/7777/506/015/7777506015_2_1_8.jpg?t=1572887195587&imwidth=563',29.99,'2020-06-02','PERFUMERÍA Y PARAFARMACIA',null,null,null,null,null,null,null,'PULL&BEAR',null,'DISPONIBLE',3);
/*conversation*/
INSERT INTO `conversation` (id,issue,create_date,client_id,company_id) VALUES (1,'Envío','2020-01-23',996,991);

/*Messages*/
INSERT INTO `message` (id,text,create_date,answer,conversation_id) VALUES (1,'Hola, quería saber cuanto tiempo suele tardar en llegar.','2020-01-23 18:30:00',0,1);
INSERT INTO `message` (id,text,create_date,answer,conversation_id) VALUES (2,'Hola Marta, pues el tiempo de entrega depende el método de envío que selecciones','2020-01-23 18:40:00',1,1);
INSERT INTO `message` (id,text,create_date,answer,conversation_id) VALUES (3,'Muchas gracias','2020-01-25 10:32:00',0,1);
INSERT INTO `message` (id,text,create_date,answer,conversation_id) VALUES (4,'De nada, para cualquier otra duda no dude en preguntarnos','2020-01-25 11:31:00',1,1);

 
 
/*Comment--------------------------------------------------------------------------------*/
INSERT INTO `comment` (id,title,description,valoration,client_id,product_id, create_date) VALUES (1,'Perfecto','El producto me llego en perfecta condiciones y estoy muy contento con el',3.0,994,1,'2019-11-23');
INSERT INTO `comment` (id,title,description,valoration,client_id,product_id,create_date) VALUES (2,'Muy bien','El producto es de muy buena calidad',2.0,995,1,'2020-2-21');

/*Usuario_role*/
INSERT INTO `usuario_roles` (usuario_id,role_id) VALUES (985,4);
INSERT INTO `usuario_roles` (usuario_id,role_id) VALUES (986,4);
INSERT INTO `usuario_roles` (usuario_id,role_id) VALUES (987,4);  
INSERT INTO `usuario_roles` (usuario_id,role_id) VALUES (988,4);

INSERT INTO `usuario_roles` (usuario_id,role_id) VALUES (990,4);
INSERT INTO `usuario_roles` (usuario_id,role_id) VALUES (991,4);
INSERT INTO `usuario_roles` (usuario_id,role_id) VALUES (992,4);
INSERT INTO `usuario_roles` (usuario_id,role_id) VALUES (993,2);
INSERT INTO `usuario_roles` (usuario_id,role_id) VALUES (994,1);
INSERT INTO `usuario_roles` (usuario_id,role_id) VALUES (995,1);
INSERT INTO `usuario_roles` (usuario_id,role_id) VALUES (996,1);
INSERT INTO `usuario_roles` (usuario_id,role_id) VALUES (997,1);
INSERT INTO `usuario_roles` (usuario_id,role_id) VALUES (998,3);